,name,district
0,احد آزادی خواه,ملاير
1,محمد آشوری تازیانی,بندرعباس ،قشم، ابوموسي، حاجي آباد و خمير
2,معصومه آقاپورعلی شاهی,شبستر
3,ژرژیک ابرامیان,مسيحيان ارمني جنوب ايران
4,علی ابراهیمی,شازند
5,علیرضا ابراهیمی,راميان و آزادشهر
6,سیدمحمدجواد ابطحی,خميني شهر
7,ابوالفضل ابوترابی,نجف آباد و تيران و كرون
8,فریدون  احمدی,زنجان و طارم
9,قاسم احمدی لاشکی,نوشهر، چالوس و كلاردشت
10,اسفندیار اختیاری کسنویه یزد,زرتشتيان
11,سیدعلی ادیانی ,قائم شهر ،سوادكوه ،جويبار سیمرغ و سوادکوه شمالی
12,علی اردشیرلاریجانی,قم
13,علی  اسدی کرم,شهر بابك
14,علی  اسماعیلی,نور و محمودآباد
15,داریوش اسمعیلی,سروستان و كوار و خرامه
16,ضیاداله اعزازی ملکی,بناب
17,محمدمهدی افتخاری,فومن و شفت 
18,نظر  افضلی,نهبندان و سربيشه 
19,سیدحسین افضلی,اقليد
20,سکینه  الماسی,دیر، کنگان وجم و عسلویه
21,قلی اله قلی زاده,كليبر، خداآفرين و بخش هوراند
22,احمد امیر آبادی فراهانی,قم
23,محمدرضا امیرحسنخانی,فردوس و سرايان و طبس و بشرويه
24,حسین امیری ‌خامکانی,زرند و كوهبنان
25,سیدحمزه امینی,هشترود و چاراويماق
26,سلام امینی,ايلام، ايوان، چرداول، مهران و ملكشاهي و سیروان
27,محمد نعیم امینی فرد,ايرانشهر، سرباز، دلگان، فنوج ، لاشار، بنت، آشار و آهوران
28,احمد   انارکی محمدی,رفسنجان و انار
29,رضا انصاری,داراب و زرين دشت
30,فریده اولادقباد,تهران، شميرانات، ری، اسلامشهر و پردیس
31,علی اکبری بجنورد,بجنورد، مانه، سملقان، جاجرم، گرمه، راز و جرگلان
32,علی اکبری شیراز,شيراز
33,عزیز اکبریان,كرج ، اشتهارد و فردیس
34,عبدالغفور ایران ‌نژاد,چابهار، نيك شهر، كنارك و قصرقند
35,روح اله بابائی صالح,بوئين زهرا و آوج
36,محمدرضا بادامچی,تهران، شميرانات، ری، اسلامشهر و پردیس
37,سعید باستانی,تربت حيدريه و مه ولات و زاوه
38,یوناتن بت کلیا,مسيحيان آشوري و كلداني
39,علی بختیار گلپایگانی,گلپايگان و خوانسار
40,علی  بختیاری,بافت و رابر و ارزوئيه
41,صدیف بدری,اردبيل و نمين و نير و سرعين
42,شهروز برزگر کلشانی,سلماس
43,علاءالدین بروجردی,بروجرد
44,محمدمهدی برومندی,مرودشت و پاسارگاد و ارسنجان
45,حمید بنائی,گناباد و بجستان
46,بهروز بنیادی ,كاشمر و بردسكن و خليل آباد
47,سیدهادی بهادری,اروميه
48,حسن بهرام نیا,نهاوند
49,محمود  بهمنی,ساوجبلاغ و نظرآباد و طالقان
50,محمد بیرانوندی,خرم‌آباد و دوره
51,شهاب الدین بیمقدار,تبريز و آذرشهر و اسكو
52,احمد بیگدلی,خدابنده
53,محسن بیگلری,سقز و بانه
54,محمدرضا تابش,اردكان
55,ناهید تاج الدین,اصفهان
56,غلامرضا تاج گردون,گچساران و باشت
57,فرهاد تجری,قصرشيرين، سرپل ذهاب، گيلانغرب
58,نورمحمد تربتی نژاد,گرگان و آق قلا
59,اکبر  ترکی,فريدن و چادگان، فريدونشهر، بوئین و میاندشت
60,سیدقاسم جاسمی,كرمانشاه
61,غلامعلی جعفرزاده ایمن آبادی,رشت
62,جمشید جعفرپور,لارستان و خنج و گراش
63,کاظم جلالی,تهران، شميرانات، ری، اسلامشهر و پردیس
64,سهیلا جلودارزاده,تهران، شميرانات، ری، اسلامشهر و پردیس
65,علی جلیلی شیشوان,مراغه وعجب شير
66,منوچهر جمالی سوسفی,رودبار
67,محمدجواد جمالی نوبندگانی,فسا
68,عبداله حاتمیان,درگز
69,حسینعلی حاجی,شاهين شهر و ميمه و برخوار
70,حمیدرضا حاجی بابائی,همدان و فامنين
71,ابوالفضل حسن بیگی,دامغان
72,محمد حسن نژاد,مرند و جلفا
73,شهباز حسن پوربیگلری,سيرجان و بردسير
74,فریدون حسنوند,انديمشك
75,محمدصادق حسنی جوریابی,رشت
76,عبدالکریم حسین زاده,نقده و اشنويه
77,محمدحسین حسین زاده بحرینی,مشهد و كلات
78,سیده فاطمه حسینی,تهران، شميرانات، ری، اسلامشهر و پردیس
79,محمد حسینی,تفرش و آشتيان و فراهان
80,سیدحسن حسینی شاهرودی,شاهرود و ميامي
81,سیدجواد حسینی کیا,سنقر
82,روح اله حضرت پورطلاتپه,اروميه
83,الیاس حضرتی,تهران، شميرانات، ری، اسلامشهر و پردیس
84,احمد  حمزه,كهنوج و منوجان و رودبارجنوب و قلعه گنج و فارياب
85,غلامرضا حیدری,تهران، شميرانات، ری، اسلامشهر و پردیس
86,سیدمرتضی خاتمی,ماهنشان و ايجرود و دهستانهاي بوغداكندي و قلتوق
87,سیدعلاءالدین خادم,سپيدان
88,هدایت اله خادمی,ايذه و باغملك
89,محمد  خالدی سردشتی,لردگان
90,بشیر خالقی,خلخال و كوثر
91,کارن خانلری,مسيحيان ارمني شمال ايران
92,امیر خجسته,همدان و فامنين
93,محمد خدابخشی,اليگودرز
94,سلمان خدادادی,ملكان
95,عبدالحمید خدری,بوشهر و گناوه و ديلم
96,حسن خسته بند,بندرانزلي
97,رسول خضری,پيرانشهر و سردشت
98,ولی داداشی,آستارا
99,محمد دامادی,ساري و ميان‌دورود
100,یوسف  داودی,سراب
101,محمد باسط درازهی,سراوان ، سيب، سوران و مهرستان
102,سیدکاظم دلخوش اباتری,صومعه سرا
103,کمال دهقانی فیروزآبادی,تفت و ميبد
104,محمد دهقانی نقندر,چناران ، طرقبه و شاندیز
105,حبیب‌ الله دهمرده,زابل، زهك، هيرمند و نیمروز و هامون 
106,سیدمصطفی ذوالقدر,ميناب و رودان و جاسك و سيريك و بشاگرد
107,سیده فاطمه ذوالقدر,تهران، شميرانات، ری، اسلامشهر و پردیس
108,مجتبی ذوالنوری,قم
109,خدیجه ربیعی فرادنبه,بروجن
110,فرج اله رجبی,شيراز
111,علیرضا رحیمی,تهران، شميرانات، ری، اسلامشهر و پردیس
112,جلیل رحیمی جهان آبادی,تربت‌جام و تايباد و باخرز
113,علی  رستمیان,دلفان و سلسله
114,محمدابراهیم رضائی,خمين
115,مسعود رضائی,شيراز
116,حسین رضازاده,كازرون
117,محمدرضا رضایی کوچی,جهرم
118,عبداله رضیان,قائم شهر ،سوادكوه ،جويبار سیمرغ و سوادکوه شمالی
119,اکبر رنجبرزاده,اسدآباد
120,رحیم زارع,آباده، بوانات و خرم بيد
121,غلام محمد زارعی,بويراحمد و دنا
122,محمدمهدی زاهدی,كرمان و راور
123,سیده حمیده زرآبادی,قزوين و آبيك و البرز
124,سید جواد ساداتی نژاد,كاشان و آران بيدگل
125,علی ساری,اهواز، باوي، حمیدیه و کارون
126,قاسم ساعدی,دشت آزادگان و هويزه
127,زهرا ساعی,تبريز و آذرشهر و اسكو
128,احمد سالک کاشانی,اصفهان
129,عبداله سامری,خرمشهر
130,رمضانعلی سبحانی فر,سبزوار، جغتاي، جوين، خوشاب و داورزن
131,ابوالفضل سروش,تهران، شميرانات، ری، اسلامشهر و پردیس
132,محمد باقر  سعادت,دشتستان
133,فاطمه سعیدی,تهران، شميرانات، ری، اسلامشهر و پردیس
134,محمد اسماعیل سعیدی,تبريز و آذرشهر و اسكو
135,زهرا سعیدی مبارکه,مباركه
136,پروانه سلحشوری,تهران، شميرانات، ری، اسلامشهر و پردیس
137,حسن سلیمانی,كنگاور و صحنه و هرسين
138,علیرضا سلیمی,محلات و دليجان
139,اصغر سلیمی,سميرم
140,طیبه سیاوشی شاه عنایتی,تهران، شميرانات، ری، اسلامشهر و پردیس
141,علی محمد شاعری,بهشهر و نكا و گلوگاه
142,غلامرضا شرفی,آبادان
143,شمس اله شریعت نژاد,تنکابن، رامسر و عباس آباد
144,عین اله شریف پور,ماكو و چالدران و پلدشت و شوط
145,ناصر شریفی,بندرلنگه و بستك و پارسيان
146,سید کمال الدین شهریاری,دشتي و تنگستان
147,حسینعلی شهریاری,زاهدان
148,هادی شوشتری,قوچان و فاروج
149,محمود شکری,طوالش و رضوانشهر و ماسال
150,مهدی  شیخ ,تهران، شميرانات، ری، اسلامشهر و پردیس
151,رضا شیران خراسانی,مشهد و كلات
152,یعقوب شیویاری,ميانه
153,محمود صادقی,تهران، شميرانات، ری، اسلامشهر و پردیس
154,محمدرضا صباغیان بافقی,مهريز و بافق و بهاباد و خاتم و ابركوه  
155,مرتضی صفاری نطنزی,نطنز و بخش قمصر
156,احمد صفری,كرمانشاه
157,بهمن  طاهرخانی,تاكستان
158,سیدصادق طباطبایی نژاد,اردستان
159,قرجه  طیار,گنبد كاووس
160,علی عسگر ظاهری عبده وند,مسجدسليمان و لالي و هفتگل و انديكا
161,حیدرعلی عابدی,اصفهان
162,محمد رضا عارف,تهران، شميرانات، ری، اسلامشهر و پردیس
163,سیدمحمدباقر عبادی,بيرجند، درميان و خوسف
164,اسداله عباسی,رودسر و املش
165,بیت اله عبدالهی,اهر و هريس
166,محمدقسیم عثمانی,بوكان
167,محمد عزیزی,ابهر،خرمدره و سلطانیه
168,عبدالرضا عزیزی,شيروان
169,سیداحسن علوی,سنندج و ديواندره و كامياران
170,سیدمحسن علوی,لامرد و مهر
171,محسن علی جانی زمانی,تهران، شميرانات، ری، اسلامشهر و پردیس
172,احمد علی رضا بیگی,تبريز و آذرشهر و اسكو
173,رضا علی زاده,ورزقان
174,محمد جواد فتحی,تهران، شميرانات، ری، اسلامشهر و پردیس
175,سیدمهدی فرشادان,سنندج و ديواندره و كامياران
176,فردین فرمند,ميانه
177,محمدحسین فرهنگی,تبريز و آذرشهر و اسكو
178,حشمت اله فلاحت پیشه,اسلام آبادغرب و دالاهو
179,فرهاد فلاحتی,قائنات و زیرکوه
180,حمیدرضا فولادگر,اصفهان
181,محمد فیضی زنگیر,اردبيل و نمين و نير و سرعين
182,سیداحسان قاضی زاده هاشمی,فريمان و سرخس و بخشهاي احمد آباد و رضويه
183,سیدامیرحسین قاضی زاده هاشمی,مشهد و كلات
184,نادر قاضی پور,اروميه
185,محمدحسین قربانی,آستانه اشرفيه
186,علی قربانی,بجنورد، مانه، سملقان، جاجرم، گرمه، راز و جرگلان
187,اسداله قره خانی آلوستانی,علي آباد
188,محمد قمی,پاكدشت
189,هادی قوامی,اسفراين
190,مهرداد لاهوتی,لنگرود
191,حسن  لطفی,رزن
192,احمد مازنی,تهران، شميرانات، ری، اسلامشهر و پردیس
193,پروانه مافی,تهران، شميرانات، ری، اسلامشهر و پردیس
194,جهان بخش محبی نیا,مياندوآب و شاهين دژ و تكاب
195,علیرضا محجوب,تهران، شميرانات، ری، اسلامشهر و پردیس
196,داود محمدی تهران,تهران، شميرانات، ری، اسلامشهر و پردیس
197,داود محمدی قزوین,قزوين و آبيك و البرز
198,اقبال محمدیان,رامهرمز و رامشير
199,جلال محمودزاده,مهاباد
200,سمیه محمودی,شهرضا و دهاقان
201,محمد محمودی شاه نشین,شهريار و قدس و ملارد
202,جلیل  مختار,آبادان
203,احمد مرادی,بندرعباس ،قشم، ابوموسي، حاجي آباد و خمير
204,علی محمد مرادی,قروه و دهگلان
205,منصور مرادی,مريوان و سروآباد
206,سیامک مره صدق,كليميان ايران
207,اصغر مسعودی,ني ريز و استهبان
208,عبدالرضا مصری,كرمانشاه
209,علی مطهری,تهران، شميرانات، ری، اسلامشهر و پردیس
210,محمدمهدی مفتح,تویسرکان
211,سیدمهدی مقدسی,اراك و كميجان و خنداب
212,حسین  مقصودی,سبزوار، جغتاي، جوين، خوشاب و داورزن
213,الهیار ملکشاهی,كوهدشت و رومشکان
214,محمدرضا ملکشاهی راد,خرم‌آباد و دوره
215,ولی ملکی,مشكين شهر
216,محمدرضا منصوری,ساوه و زرنديه
217,سیدفرید موسوی,تهران، شميرانات، ری، اسلامشهر و پردیس
218,سیدابوالفضل موسوی بیوکی,يزد، اشكذر،بخش ندوشن و دهستان سورك
219,سیدناصر موسوی لارکانی,فلاورجان
220,جلال میرزائی,ايلام، ايوان، چرداول، مهران و ملكشاهي و سیروان
221,قاسم میرزائی نیکو,دماوند و فیروزکوه
222,سیدحمایت میرزاده,گرمي
223,شهاب نادری,پاوه، جوانرود، ثلاث باباجاني، روانسر
224,مجید ناصری نژاد,شادگان
225,ولی الله نانواکناری,بابلسر و فريدونكنار
226,محمدرضا نجفی,تهران، شميرانات، ری، اسلامشهر و پردیس
227,علی نجفی خوشرودی,بابل
228,بهروز نعمتی,تهران، شميرانات، ری، اسلامشهر و پردیس
229,سیدحسین نقوی حسینی,ورامين ، پیشوا و قرچک
230,علی نوبخت حقیقی,تهران، شميرانات، ری، اسلامشهر و پردیس
231,رامین نورقلی پور,كردكوي و تركمن و بندرگز و گميشان
232,حسن نوروزی,رباط كريم و بهارستان
233,سیدراضی نوری,شوش
234,اردشیر نوریان,شهركرد، بن وسامان
235,محمود نگهبان سلامی,خواف و رشتخوار
236,حسین نیاز آذری,بابل
237,ذبیح  نیک فر لیالستانی,لاهيجان و سياهكل
238,حبیب اله نیکزادی پناه,بم، ريگان، فهرج و نرماشير
239,عبدالرضا هاشم زائی,تهران، شميرانات، ری، اسلامشهر و پردیس
240,همایون هاشمی,مياندوآب و شاهين دژ و تكاب
241,حسین هاشمی تختی نژاد,بندرعباس ،قشم، ابوموسي، حاجي آباد و خمير
242,عدل هاشمی پور,كهكيلويه، بهمني، چرام و لنده
243,نبی هزارجریبی,گرگان و آق قلا
244,احمد  همتی ,سمنان و مهدي شهر
245,محمد وحدتی هلان,بستان آباد
246,علی وقف چی,زنجان و طارم
247,محمد علی وکیلی,تهران، شميرانات، ری، اسلامشهر و پردیس
248,بهرام پارسائی,شيراز
249,عباس پاپی زاده پالنگان,دزفول
250,مسعود پزشکیان,تبريز و آذرشهر و اسكو
251,محمدرضا پورابراهیمی داورانی,كرمان و راور
252,عباسعلی پوربافرانی,نائين و خور و بيابانك
253,شکور پورحسین شقلان,پارس آباد و بيله سوار
254,محمدعلی پورمختار,بهار و كبودرآهنگ
255,نصراله پژمان فر,مشهد و كلات
256,هاجر چنارانی,نيشابور و فيروزه
257,غلامرضا کاتب,گرمسار و آرادان
258,شادمهر کاظم زاده,دهلران و دره شهر و آبدانان و بدره
259,جواد کاظم نسب,اهواز، باوي، حمیدیه و کارون
260,سیدحمیدرضا کاظمی,پلدختر
261,محمد کاظمی,ملاير
262,علی کاظمی باباحیدری,اردل، فارسان، کیا، كوهرنگ و دهستان دستگرد
263,حسن کامران دستجردی,اصفهان
264,سیدتقی کبیری,خوي و چايپاره
265,علی کرد,خاش، مير جاوه ،  بخشهاي نصرت آباد و كورين
266,کوروش کرم پورحقیقی,فيروزآباد و فراشبند و قيرو كارزين
267,رضا کریمی,اردبيل و نمين و نير و سرعين
268,علی اکبر کریمی,اراك و كميجان و خنداب
269,حمداله کریمی,بيجار
270,جواد کریمی قدوسی,مشهد و كلات
271,حبیب اله کشت زر,بهبهان و آغاجاری
272,عامر کعبی ,آبادان
273,یحیی کمالی پور,جيرفت و عنبر آباد
274,مصطفی کواکبیان,تهران، شميرانات، ری، اسلامشهر و پردیس
275,شهرام کوسه غراوی,مينودشت و كلاله و مراوه تپه و گاليكش
276,محمدجواد کولیوند,كرج ، اشتهارد و فردیس
277,محسن کوهکن ریزی,لنجان
278,جبار کوچکی نژاد ارم ساداتی,رشت
279,مجید کیان پور,دورود و ازنا
280,احمدعلی کیخا,زابل، زهك، هيرمند و نیمروز و هامون 
281,حمید گرمابی,نيشابور و فيروزه
282,علی گلمرادی,بندرماهشهر، اميديه، هنديجان و بخش جولکی
283,عباس گودرزی,بروجرد
284,مسعود گودرزی,ممسني و رستم
285,سهراب  گیلانی,شوشتر و گتوند
286,علیم یارمحمدی,زاهدان
287,علی اصغر یوسف نژاد,ساري و ميان‌دورود
288,همایون یوسفی,اهواز، باوي، حمیدیه و کارون
289,عزت اله یوسفیان ملا,آمل
